{
    "avg_prec": {
        "train": 0.9919873555950034,
        "test": 0.9958247456096899
    },
    "roc_auc": {
        "train": 0.9960863935969869,
        "test": 0.997872340425532
    }
}